{
    "level": "MainStreet",
    "x": 829.3215942382813,
    "y": 216.7391357421875,
    "z": -32.37931823730469
}