{
    "level": "MainStreet_ConcertHall",
    "x": -1066.4654541015625,
    "y": 0.5866121053695679,
    "z": 492.32623291015625
}