{
    "level": "StormEnd",
    "x": 803.8213500976563,
    "y": 0.22708028554916382,
    "z": 26.986955642700195
}