{
    "level": "Storm",
    "x": 365.7027282714844,
    "y": 7.6383819580078125,
    "z": -23.688188552856445
}