{
    "level": "Rain_Cave",
    "x": 86.14768981933594,
    "y": 230.10720825195313,
    "z": -247.7222442626953
}