{
    "level": "Skyway",
    "x": 192.15835571289063,
    "y": 414.7800598144531,
    "z": 233.92498779296875
}