{
    "level": "CandleSpace",
    "x": 773.5006891489028931,
    "y": 0.6100117206573486,
    "z": -15.8946594595909119
}