{
    "level": "Dawn",
    "x": 73.5496597290039,
    "y": 36.66832733154297,
    "z": -1628.6209716796875
}