{
    "level": "TGCOffice",
    "x": 7066.560546875,
    "y": 6927.9990234375,
    "z": 9084.6435546875
}