{
    "level": "Sunset_Theater",
    "x": -18.89185905456543,
    "y": 105.67155456542969,
    "z": -122.51329040527344
}