{
    "level": "NightEnd",
    "x": -1.0045958757400513,
    "y": 195.22805786132813,
    "z": 3.8290698528289795
}