{
    "level": "Night",
    "x": 13.23352336883545,
    "y": 100.10635375976563,
    "z": -69.62077331542969
}