{
    "level": "Night2",
    "x": 3.0053393840789795,
    "y": 515.8391723632813,
    "z": 4.87200403213501
}